Tile	Base	Mean	sample
1101	1	0.2861797509408177	ERR187664
1101	2	0.22592704476729608	ERR187664
1101	3	0.2214198505134064	ERR187664
1101	4	0.13830031609197135	ERR187664
1101	5	0.09440046123925327	ERR187664
1101	6	0.15843462026202104	ERR187664
1101	7	0.1547353666161868	ERR187664
1101	8	0.1721004609210368	ERR187664
1101	9	0.16870388837718764	ERR187664
1101	10	0.16905896735082138	ERR187664
1101	11	0.17769796598781795	ERR187664
1101	12	0.2323423595722076	ERR187664
1101	13	0.1900066095015589	ERR187664
1101	14	0.32339766744540555	ERR187664
1101	15	0.39557137402610465	ERR187664
1101	16	0.25890229976245394	ERR187664
1101	17	0.3542173522089058	ERR187664
1101	18	0.32837950454944576	ERR187664
1101	19	0.21190566166448122	ERR187664
1101	20	0.20024864559881195	ERR187664
1101	21	0.18689991471997303	ERR187664
1101	22	0.1768220727993537	ERR187664
1101	23	0.3097120499093222	ERR187664
1101	24	0.1683584119028083	ERR187664
1101	25	0.2802716267047316	ERR187664
1101	26	0.3645971229481404	ERR187664
1101	27	0.24734944908462353	ERR187664
1101	28	0.29470637370215513	ERR187664
1102	1	0.09786209951182911	ERR187664
1102	2	0.09822924023390556	ERR187664
1102	3	0.15608968802666823	ERR187664
1102	4	0.12271261805766898	ERR187664
1102	5	0.08506637731904476	ERR187664
1102	6	0.07457951416503761	ERR187664
1102	7	0.11544137782137653	ERR187664
1102	8	0.06912300533394955	ERR187664
1102	9	0.061803467512405064	ERR187664
1102	10	0.040632021282021924	ERR187664
1102	11	0.1342297950837832	ERR187664
1102	12	0.16126944158914114	ERR187664
1102	13	0.15158115694745788	ERR187664
1102	14	0.2469565214983831	ERR187664
1102	15	0.24386551217238406	ERR187664
1102	16	0.2518843124841368	ERR187664
1102	17	0.13729621361456879	ERR187664
1102	18	0.10496302576338223	ERR187664
1102	19	0.018885697937768953	ERR187664
1102	20	0.05077401742548915	ERR187664
1102	21	0.056618372157913655	ERR187664
1102	22	0.031152817928386867	ERR187664
1102	23	-0.010783818529532141	ERR187664
1102	24	0.06890891105089025	ERR187664
1102	25	0.13903389018447143	ERR187664
1102	26	0.21190906772120854	ERR187664
1102	27	0.15280834617642824	ERR187664
1102	28	-0.024914237602892797	ERR187664
1103	1	0.2243981116429552	ERR187664
1103	2	0.1533864217702572	ERR187664
1103	3	0.1396215735699542	ERR187664
1103	4	0.12051102646953638	ERR187664
1103	5	0.18643791693835965	ERR187664
1103	6	0.11246109480765654	ERR187664
1103	7	0.07692466416712307	ERR187664
1103	8	0.02710532548979927	ERR187664
1103	9	0.10350940043862522	ERR187664
1103	10	0.10084581825883987	ERR187664
1103	11	0.1546969984079496	ERR187664
1103	12	0.10978702658571393	ERR187664
1103	13	0.09763549232232549	ERR187664
1103	14	0.18043214215956027	ERR187664
1103	15	0.3690517842007779	ERR187664
1103	16	0.295837244678701	ERR187664
1103	17	0.20300953177867598	ERR187664
1103	18	0.20072119223200247	ERR187664
1103	19	0.09862984202742808	ERR187664
1103	20	0.12836604838791743	ERR187664
1103	21	0.198830826677181	ERR187664
1103	22	0.22666741240389143	ERR187664
1103	23	0.2586323959245789	ERR187664
1103	24	0.2617784192460135	ERR187664
1103	25	0.22854665864264234	ERR187664
1103	26	0.22003668029834955	ERR187664
1103	27	0.3688653658230976	ERR187664
1103	28	0.5468834613021087	ERR187664
1104	1	0.07358009768968543	ERR187664
1104	2	-0.017153697059121953	ERR187664
1104	3	0.02564727542259959	ERR187664
1104	4	0.027819443899012697	ERR187664
1104	5	0.06002422414807285	ERR187664
1104	6	0.04151744057781315	ERR187664
1104	7	0.024258615211273593	ERR187664
1104	8	0.011289383776492912	ERR187664
1104	9	0.005893617599660672	ERR187664
1104	10	-0.013407066195632922	ERR187664
1104	11	0.05207177868266655	ERR187664
1104	12	0.03582951311929605	ERR187664
1104	13	-0.02988088045147208	ERR187664
1104	14	0.020159953575713985	ERR187664
1104	15	0.12737694909765906	ERR187664
1104	16	0.040185560092467654	ERR187664
1104	17	0.05050155911634846	ERR187664
1104	18	0.05141730248081444	ERR187664
1104	19	0.04817885709881864	ERR187664
1104	20	-0.012047774554979185	ERR187664
1104	21	0.006904666912610935	ERR187664
1104	22	-0.05376994373617805	ERR187664
1104	23	-0.027159144526848422	ERR187664
1104	24	0.009067734730223265	ERR187664
1104	25	0.0671821333306184	ERR187664
1104	26	-0.04258569317345717	ERR187664
1104	27	-0.124469495648448	ERR187664
1104	28	-0.10440042079090261	ERR187664
1105	1	-0.05313266529714866	ERR187664
1105	2	-0.06730633695836019	ERR187664
1105	3	-0.04108497234346942	ERR187664
1105	4	-0.0071898499188947085	ERR187664
1105	5	-0.006252820319701868	ERR187664
1105	6	-0.07020188506083258	ERR187664
1105	7	-0.023317707456762093	ERR187664
1105	8	-0.0396469108380515	ERR187664
1105	9	-0.12233749653447035	ERR187664
1105	10	-0.1333064255777714	ERR187664
1105	11	-0.10220124913853823	ERR187664
1105	12	-0.05329718239351422	ERR187664
1105	13	-0.09982480234235425	ERR187664
1105	14	-0.07859832770045472	ERR187664
1105	15	-0.048293560232664845	ERR187664
1105	16	-0.025968034862458467	ERR187664
1105	17	-0.11843044056667651	ERR187664
1105	18	-0.05330744593439363	ERR187664
1105	19	-0.1513186997392566	ERR187664
1105	20	-0.1387786068070156	ERR187664
1105	21	-0.13995893941268633	ERR187664
1105	22	-0.2825497254545297	ERR187664
1105	23	-0.19193806536075186	ERR187664
1105	24	-0.13984669371404124	ERR187664
1105	25	-0.18543464438165813	ERR187664
1105	26	-0.1743855516176538	ERR187664
1105	27	-0.1608853339941021	ERR187664
1105	28	-0.3273916108873536	ERR187664
1106	1	-0.2863473786729074	ERR187664
1106	2	-0.26043806873996544	ERR187664
1106	3	-0.2837479699402934	ERR187664
1106	4	-0.13618487572044558	ERR187664
1106	5	-0.11899736536646088	ERR187664
1106	6	-0.09400906767480421	ERR187664
1106	7	-0.15081246183693509	ERR187664
1106	8	-0.2360427837230148	ERR187664
1106	9	-0.31532661341756096	ERR187664
1106	10	-0.4042421855223566	ERR187664
1106	11	-0.3622087746478968	ERR187664
1106	12	-0.39454330880219146	ERR187664
1106	13	-0.24591651505978263	ERR187664
1106	14	-0.34244570632857574	ERR187664
1106	15	-0.20232312514617945	ERR187664
1106	16	-0.23953165226165396	ERR187664
1106	17	-0.261113964803684	ERR187664
1106	18	-0.3466033926106533	ERR187664
1106	19	-0.3066337520465652	ERR187664
1106	20	-0.4301317104254849	ERR187664
1106	21	-0.43688827769326366	ERR187664
1106	22	-0.4252808027287145	ERR187664
1106	23	-0.44690200530051527	ERR187664
1106	24	-0.4024171515403552	ERR187664
1106	25	-0.6125575111540229	ERR187664
1106	26	-0.47901386200582863	ERR187664
1106	27	-0.47800025072925934	ERR187664
1106	28	-0.4050014155408306	ERR187664
1107	1	-0.5023039967637573	ERR187664
1107	2	-0.4791360751682632	ERR187664
1107	3	-0.42004607308390973	ERR187664
1107	4	-0.25090619199406916	ERR187664
1107	5	-0.3284488786339139	ERR187664
1107	6	-0.27161151864450517	ERR187664
1107	7	-0.44875312553669744	ERR187664
1107	8	-0.46204284189764167	ERR187664
1107	9	-0.44003524035095865	ERR187664
1107	10	-0.47791794015632405	ERR187664
1107	11	-0.4174853949930224	ERR187664
1107	12	-0.5080716362089888	ERR187664
1107	13	-0.7343492633745328	ERR187664
1107	14	-0.671209831854874	ERR187664
1107	15	-0.513351943401382	ERR187664
1107	16	-0.849833287695823	ERR187664
1107	17	-0.7154296130508087	ERR187664
1107	18	-0.5982532584506615	ERR187664
1107	19	-0.6098523316817221	ERR187664
1107	20	-0.5913051775002955	ERR187664
1107	21	-0.546100676116346	ERR187664
1107	22	-0.4904634154166274	ERR187664
1107	23	-0.47578324983611964	ERR187664
1107	24	-0.5958312904795804	ERR187664
1107	25	-0.6850943137381194	ERR187664
1107	26	-0.6739463424897068	ERR187664
1107	27	-0.57347146221678	ERR187664
1107	28	-0.6170770547016033	ERR187664
1108	1	-1.2058542564860062	ERR187664
1108	2	-1.0332340683095786	ERR187664
1108	3	-0.7593560519026781	ERR187664
1108	4	-0.5063859295611266	ERR187664
1108	5	-1.1356503004871428	ERR187664
1108	6	-0.908460124843792	ERR187664
1108	7	-0.7626052808531227	ERR187664
1108	8	-3.858481432084936	ERR187664
1108	9	-1.7803428173693163	ERR187664
1108	10	-1.1428850257196785	ERR187664
1108	11	-0.7899521574795472	ERR187664
1108	12	-0.8508355032967572	ERR187664
1108	13	-0.7141929335903185	ERR187664
1108	14	-0.9117140917410254	ERR187664
1108	15	-0.9498716022322498	ERR187664
1108	16	-0.831422321365153	ERR187664
1108	17	-0.9465939188926669	ERR187664
1108	18	-0.8489533034460308	ERR187664
1108	19	-0.7209468176205291	ERR187664
1108	20	-0.7727336461652499	ERR187664
1108	21	-0.9390839060180909	ERR187664
1108	22	-0.8172293926464533	ERR187664
1108	23	-0.9673496136189357	ERR187664
1108	24	-0.8949918523492428	ERR187664
1108	25	-0.883560607840927	ERR187664
1108	26	-0.8161274132426755	ERR187664
1108	27	-0.7236623204710995	ERR187664
1108	28	-0.7990076428371466	ERR187664
1201	1	0.40514111463576796	ERR187664
1201	2	0.3530332412929127	ERR187664
1201	3	0.3326997088758574	ERR187664
1201	4	0.20528161895120434	ERR187664
1201	5	0.26648812114977716	ERR187664
1201	6	0.25434159621597985	ERR187664
1201	7	0.24187931011115182	ERR187664
1201	8	0.3404501280353003	ERR187664
1201	9	0.30861417561270343	ERR187664
1201	10	0.29583963068511565	ERR187664
1201	11	0.31363887496155485	ERR187664
1201	12	0.30941700752885026	ERR187664
1201	13	0.27177095077212243	ERR187664
1201	14	0.40871797476420824	ERR187664
1201	15	0.5300452013098464	ERR187664
1201	16	0.3909546205888432	ERR187664
1201	17	0.44119757708546814	ERR187664
1201	18	0.42732509521847106	ERR187664
1201	19	0.3014554363062345	ERR187664
1201	20	0.15259285082395024	ERR187664
1201	21	0.21566058091929818	ERR187664
1201	22	0.27097740887556654	ERR187664
1201	23	0.31780930660777784	ERR187664
1201	24	0.27663587806701173	ERR187664
1201	25	0.44714389991069226	ERR187664
1201	26	0.32342754994109413	ERR187664
1201	27	0.1639174918017119	ERR187664
1201	28	0.27704113765065586	ERR187664
1202	1	0.137102470572799	ERR187664
1202	2	0.14732883228973037	ERR187664
1202	3	0.1525494224520827	ERR187664
1202	4	0.1590048015905765	ERR187664
1202	5	0.14306585558876606	ERR187664
1202	6	0.12790944766970114	ERR187664
1202	7	0.11589682789838918	ERR187664
1202	8	0.26819127358795924	ERR187664
1202	9	0.20132084466920475	ERR187664
1202	10	0.1634076874903272	ERR187664
1202	11	0.17997503059186215	ERR187664
1202	12	0.1712568262497811	ERR187664
1202	13	0.17392233398648216	ERR187664
1202	14	0.19297389612764704	ERR187664
1202	15	0.24922473310846271	ERR187664
1202	16	0.283086839643083	ERR187664
1202	17	0.21992093777525668	ERR187664
1202	18	0.1911926706362692	ERR187664
1202	19	0.05871355989874161	ERR187664
1202	20	0.16666522348401003	ERR187664
1202	21	0.07471583999004139	ERR187664
1202	22	0.07038480321576657	ERR187664
1202	23	-0.02422806578319836	ERR187664
1202	24	-0.0679063832906408	ERR187664
1202	25	-0.08086642809088573	ERR187664
1202	26	-0.07452169431516609	ERR187664
1202	27	-0.020804904589482476	ERR187664
1202	28	0.002488675123892392	ERR187664
1203	1	0.2488024801662121	ERR187664
1203	2	0.13840842467457293	ERR187664
1203	3	0.1896319948387557	ERR187664
1203	4	0.13643133300208632	ERR187664
1203	5	0.15781916206885427	ERR187664
1203	6	0.15734351670123203	ERR187664
1203	7	0.19914782448437052	ERR187664
1203	8	0.2721034098495778	ERR187664
1203	9	0.15095372957340203	ERR187664
1203	10	0.10810381736592944	ERR187664
1203	11	0.1080131905088777	ERR187664
1203	12	0.08140105361130878	ERR187664
1203	13	0.08382047472596099	ERR187664
1203	14	0.15664771347260142	ERR187664
1203	15	0.33336093689128177	ERR187664
1203	16	0.29512869139769293	ERR187664
1203	17	0.28225552569038825	ERR187664
1203	18	0.21433798642699742	ERR187664
1203	19	0.170908716296438	ERR187664
1203	20	0.09809626804894123	ERR187664
1203	21	0.10774965833181227	ERR187664
1203	22	0.1650773857530723	ERR187664
1203	23	0.1728130956445142	ERR187664
1203	24	0.16488678608877905	ERR187664
1203	25	0.26099956305436933	ERR187664
1203	26	0.1663633525465258	ERR187664
1203	27	0.2013945127075587	ERR187664
1203	28	0.05388053807892135	ERR187664
1204	1	0.10321276750755715	ERR187664
1204	2	0.09372004491235941	ERR187664
1204	3	0.12440591666760525	ERR187664
1204	4	0.08156458665280297	ERR187664
1204	5	0.07030081394986354	ERR187664
1204	6	0.10306169550739952	ERR187664
1204	7	0.10698449807824773	ERR187664
1204	8	0.1959695777178183	ERR187664
1204	9	0.11230572218845225	ERR187664
1204	10	0.08674673839198022	ERR187664
1204	11	0.09859559573261834	ERR187664
1204	12	0.02758869384075524	ERR187664
1204	13	0.03948268706612623	ERR187664
1204	14	0.10208404412573913	ERR187664
1204	15	0.26398350726120157	ERR187664
1204	16	0.19319028536452976	ERR187664
1204	17	0.15608745719571715	ERR187664
1204	18	0.1618905753379849	ERR187664
1204	19	0.18971306741602945	ERR187664
1204	20	0.13021233660690257	ERR187664
1204	21	0.14949312502931633	ERR187664
1204	22	0.06555774070886855	ERR187664
1204	23	0.11482563082963537	ERR187664
1204	24	0.13519649938908884	ERR187664
1204	25	0.13821318161321017	ERR187664
1204	26	0.1426106262651743	ERR187664
1204	27	0.18747682125334109	ERR187664
1204	28	0.14510331381645614	ERR187664
1205	1	0.041476789064006425	ERR187664
1205	2	0.028096382980358214	ERR187664
1205	3	0.032831708047069696	ERR187664
1205	4	0.03760007097066875	ERR187664
1205	5	0.04066049170485542	ERR187664
1205	6	0.0418142675648312	ERR187664
1205	7	-0.001351579481095655	ERR187664
1205	8	0.0925530052242749	ERR187664
1205	9	0.024559193224497733	ERR187664
1205	10	0.05084291726799961	ERR187664
1205	11	-0.03425387169291838	ERR187664
1205	12	0.023507338544902723	ERR187664
1205	13	-0.05645847414731975	ERR187664
1205	14	-0.1435271721674809	ERR187664
1205	15	-0.0556136871106645	ERR187664
1205	16	-0.06431043160352345	ERR187664
1205	17	-0.11440613603871697	ERR187664
1205	18	-0.25328586893419924	ERR187664
1205	19	-0.1114905373500008	ERR187664
1205	20	-0.11747686646076261	ERR187664
1205	21	-0.21587181585398696	ERR187664
1205	22	-0.18207264351390506	ERR187664
1205	23	-0.0846911231938492	ERR187664
1205	24	-0.10008612150911489	ERR187664
1205	25	-0.08052423416788912	ERR187664
1205	26	-0.2103540239988888	ERR187664
1205	27	-0.34199557586617146	ERR187664
1205	28	-0.13409988799037365	ERR187664
1206	1	-0.17066484094583245	ERR187664
1206	2	-0.12528197284354547	ERR187664
1206	3	-0.12335141226714796	ERR187664
1206	4	-0.051605908221525	ERR187664
1206	5	-0.08378245283206809	ERR187664
1206	6	-0.05359949622874893	ERR187664
1206	7	-0.039353218817787194	ERR187664
1206	8	0.0030396179569081028	ERR187664
1206	9	-0.23988509276722425	ERR187664
1206	10	-0.14016307728031308	ERR187664
1206	11	-0.2512102810046315	ERR187664
1206	12	-0.23482613798423557	ERR187664
1206	13	-0.15417926507198132	ERR187664
1206	14	-0.40015678304850866	ERR187664
1206	15	-0.21575595503833256	ERR187664
1206	16	-0.23549605494574877	ERR187664
1206	17	-0.19443606335564567	ERR187664
1206	18	-0.16381656329373584	ERR187664
1206	19	-0.33594112128345444	ERR187664
1206	20	-0.23183406467360612	ERR187664
1206	21	-0.2035803523016213	ERR187664
1206	22	-0.254567825940768	ERR187664
1206	23	-0.17236037948610772	ERR187664
1206	24	-0.3736008287476409	ERR187664
1206	25	-0.30940706830268283	ERR187664
1206	26	-0.31134736495379656	ERR187664
1206	27	-0.3245561183014374	ERR187664
1206	28	-0.07371648208809489	ERR187664
1207	1	-0.31594156447085453	ERR187664
1207	2	-0.370487495299912	ERR187664
1207	3	-0.3198008235096097	ERR187664
1207	4	-0.19636068304070164	ERR187664
1207	5	-0.20499758090587505	ERR187664
1207	6	-0.23062689299553796	ERR187664
1207	7	-0.31451964169689006	ERR187664
1207	8	-0.18707916745793085	ERR187664
1207	9	-0.3970921569874406	ERR187664
1207	10	-0.38463486412037184	ERR187664
1207	11	-0.3498849844829621	ERR187664
1207	12	-0.4007783171977053	ERR187664
1207	13	-0.5090071109445731	ERR187664
1207	14	-0.567082014802466	ERR187664
1207	15	-0.40872121509991644	ERR187664
1207	16	-0.571837834115513	ERR187664
1207	17	-0.47772045484622794	ERR187664
1207	18	-0.49114864725427765	ERR187664
1207	19	-0.5032127856453954	ERR187664
1207	20	-0.5708449991453577	ERR187664
1207	21	-0.501445861175398	ERR187664
1207	22	-0.5378628560556038	ERR187664
1207	23	-0.4025753734747539	ERR187664
1207	24	-0.40476956906120876	ERR187664
1207	25	-0.5800166582579322	ERR187664
1207	26	-0.5496833724675909	ERR187664
1207	27	-0.5134353957751188	ERR187664
1207	28	-0.41696132237394323	ERR187664
1208	1	-0.9038882418928509	ERR187664
1208	2	-0.6696048101716201	ERR187664
1208	3	-0.5682701108994337	ERR187664
1208	4	-0.24798952532740515	ERR187664
1208	5	-0.7179319144338905	ERR187664
1208	6	-0.6859042770666193	ERR187664
1208	7	-0.7865001502031745	ERR187664
1208	8	-0.7173619704128527	ERR187664
1208	9	-0.5763704212704326	ERR187664
1208	10	-0.5487758679804955	ERR187664
1208	11	-0.4624028534823168	ERR187664
1208	12	-0.8989301638987826	ERR187664
1208	13	-0.6918198699586569	ERR187664
1208	14	-1.0114858900178447	ERR187664
1208	15	-1.0202633552451275	ERR187664
1208	16	-1.0472850584991633	ERR187664
1208	17	-1.0288229329471505	ERR187664
1208	18	-1.0723284514255909	ERR187664
1208	19	-0.7488308526162797	ERR187664
1208	20	-0.9422692207635137	ERR187664
1208	21	-0.9150449456968488	ERR187664
1208	22	-0.9194582421609354	ERR187664
1208	23	-0.9017338812453275	ERR187664
1208	24	-0.9293248129615534	ERR187664
1208	25	-1.0449937404010612	ERR187664
1208	26	-0.8608891821026674	ERR187664
1208	27	-1.1367277335781054	ERR187664
1208	28	-1.1380474699442829	ERR187664
1301	1	0.3203928221996435	ERR187664
1301	2	0.28296936575534204	ERR187664
1301	3	0.2996121804164602	ERR187664
1301	4	0.2200330735426519	ERR187664
1301	5	0.2345408659005983	ERR187664
1301	6	0.2218934555633112	ERR187664
1301	7	0.22399036500616631	ERR187664
1301	8	0.32558673314534303	ERR187664
1301	9	0.2580165282562632	ERR187664
1301	10	0.3051123349603557	ERR187664
1301	11	0.23055071407109295	ERR187664
1301	12	0.28605879857362027	ERR187664
1301	13	0.28158754576327283	ERR187664
1301	14	0.3456260192873515	ERR187664
1301	15	0.5416148952132147	ERR187664
1301	16	0.43256415764930267	ERR187664
1301	17	0.44758070382464865	ERR187664
1301	18	0.41159286339809853	ERR187664
1301	19	0.20103484798963933	ERR187664
1301	20	0.1569168177842215	ERR187664
1301	21	0.30683780981632225	ERR187664
1301	22	0.2554038452868923	ERR187664
1301	23	0.26296145676554517	ERR187664
1301	24	0.0932723601474379	ERR187664
1301	25	0.24441718214632857	ERR187664
1301	26	0.2249527766882764	ERR187664
1301	27	0.4366312894376918	ERR187664
1301	28	0.5690411376506574	ERR187664
1302	1	0.2054255912487477	ERR187664
1302	2	0.16741889213816563	ERR187664
1302	3	0.1795839747990584	ERR187664
1302	4	0.10880187513907913	ERR187664
1302	5	0.1624871153785108	ERR187664
1302	6	0.13816984998818782	ERR187664
1302	7	0.1192843067283107	ERR187664
1302	8	0.23145437815676217	ERR187664
1302	9	0.2051874584228699	ERR187664
1302	10	0.19732547042466564	ERR187664
1302	11	0.07855136378001504	ERR187664
1302	12	0.18588843045679937	ERR187664
1302	13	0.12799027247816497	ERR187664
1302	14	0.11438270329677636	ERR187664
1302	15	0.23573007932319	ERR187664
1302	16	0.17909997156441904	ERR187664
1302	17	0.20192101723186084	ERR187664
1302	18	0.1603701533580093	ERR187664
1302	19	0.19621914242203786	ERR187664
1302	20	0.07352935081896561	ERR187664
1302	21	0.05835736584169382	ERR187664
1302	22	0.02496163273038121	ERR187664
1302	23	0.01492811891283452	ERR187664
1302	24	-0.07254118022773781	ERR187664
1302	25	-0.007230593896473181	ERR187664
1302	26	-0.10285952705271484	ERR187664
1302	27	0.009166259538588406	ERR187664
1302	28	-0.029586720977199832	ERR187664
1303	1	0.2272278523283333	ERR187664
1303	2	0.1239998516686498	ERR187664
1303	3	0.15197293509087473	ERR187664
1303	4	0.09081247134481174	ERR187664
1303	5	0.141055902045629	ERR187664
1303	6	0.15011449958598178	ERR187664
1303	7	0.1346924904656177	ERR187664
1303	8	0.18424715786121482	ERR187664
1303	9	0.1465102816052024	ERR187664
1303	10	0.11237405506902576	ERR187664
1303	11	0.12622496696410224	ERR187664
1303	12	0.13134997993801534	ERR187664
1303	13	0.09769892322268703	ERR187664
1303	14	0.13714354657238914	ERR187664
1303	15	0.2331972861435787	ERR187664
1303	16	0.12341058121830883	ERR187664
1303	17	0.10199726003511245	ERR187664
1303	18	0.10310874405835335	ERR187664
1303	19	0.14589592582505162	ERR187664
1303	20	0.09483512424937857	ERR187664
1303	21	0.16319121195903818	ERR187664
1303	22	0.04018414370816714	ERR187664
1303	23	0.06356160180664716	ERR187664
1303	24	-0.019508436155781794	ERR187664
1303	25	-0.004623743914201839	ERR187664
1303	26	-0.05537603611359998	ERR187664
1303	27	-0.04052318145519962	ERR187664
1303	28	-0.013463606182362753	ERR187664
1304	1	-0.015348745681883713	ERR187664
1304	2	-0.03684950928286668	ERR187664
1304	3	-0.009781522243095253	ERR187664
1304	4	0.024022832722032206	ERR187664
1304	5	0.03298903342208348	ERR187664
1304	6	-0.04832418310385833	ERR187664
1304	7	0.0034057211421654188	ERR187664
1304	8	0.1245578958096587	ERR187664
1304	9	0.06899314250170363	ERR187664
1304	10	-0.04568408839482885	ERR187664
1304	11	0.05602140120807775	ERR187664
1304	12	0.046790261499474184	ERR187664
1304	13	0.01705517593887862	ERR187664
1304	14	-0.01171094277236051	ERR187664
1304	15	0.17304911959417524	ERR187664
1304	16	0.06454583286414106	ERR187664
1304	17	0.08561813461844281	ERR187664
1304	18	0.06318872131917175	ERR187664
1304	19	0.09903949228649367	ERR187664
1304	20	0.00573714320446328	ERR187664
1304	21	0.011535976400182335	ERR187664
1304	22	0.026599652936305063	ERR187664
1304	23	0.04752486316422022	ERR187664
1304	24	0.022149242756697163	ERR187664
1304	25	-0.055984081553127396	ERR187664
1304	26	0.037212027067880626	ERR187664
1304	27	0.10137599834830979	ERR187664
1304	28	0.2027066180776984	ERR187664
1305	1	-0.02088452704317234	ERR187664
1305	2	-0.04759321417301976	ERR187664
1305	3	-0.024517321370652212	ERR187664
1305	4	-0.007129163429141272	ERR187664
1305	5	-0.05568776537865716	ERR187664
1305	6	-0.007055646827936357	ERR187664
1305	7	-0.042237787908483426	ERR187664
1305	8	0.08222091731185799	ERR187664
1305	9	-0.09549163962656593	ERR187664
1305	10	-0.03675427075340565	ERR187664
1305	11	-0.09644851244419783	ERR187664
1305	12	-0.21579166233453861	ERR187664
1305	13	-0.14549093882394004	ERR187664
1305	14	-0.20121361090593837	ERR187664
1305	15	-0.07474278263522649	ERR187664
1305	16	-0.12896080314601477	ERR187664
1305	17	-0.15444216123216137	ERR187664
1305	18	-0.1353238621144044	ERR187664
1305	19	-0.14666532492941542	ERR187664
1305	20	-0.1976783758846068	ERR187664
1305	21	-0.216474875874475	ERR187664
1305	22	-0.260389351098965	ERR187664
1305	23	-0.2512927117246164	ERR187664
1305	24	-0.3583154641610946	ERR187664
1305	25	-0.24951345948301196	ERR187664
1305	26	-0.2113289816125743	ERR187664
1305	27	-0.23747914914899582	ERR187664
1305	28	-0.02287233988678139	ERR187664
1306	1	-0.28104168246472483	ERR187664
1306	2	-0.23173850385477124	ERR187664
1306	3	-0.18390862160775612	ERR187664
1306	4	-0.12227015137624164	ERR187664
1306	5	-0.1131699623666762	ERR187664
1306	6	-0.1265235670767737	ERR187664
1306	7	-0.19455102920225187	ERR187664
1306	8	-0.07497144129875721	ERR187664
1306	9	-0.25689029755213966	ERR187664
1306	10	-0.26031311785002487	ERR187664
1306	11	-0.28297606099260264	ERR187664
1306	12	-0.45059382651627544	ERR187664
1306	13	-0.3333450877550561	ERR187664
1306	14	-0.319986321743599	ERR187664
1306	15	-0.4597215331878104	ERR187664
1306	16	-0.42336566000756193	ERR187664
1306	17	-0.4581387513923545	ERR187664
1306	18	-0.6001664407297227	ERR187664
1306	19	-0.5061479791144095	ERR187664
1306	20	-0.45945280566755287	ERR187664
1306	21	-0.2552334350101759	ERR187664
1306	22	-0.392914279703966	ERR187664
1306	23	-0.37678595149343863	ERR187664
1306	24	-0.21939954344894375	ERR187664
1306	25	-0.3837742932527064	ERR187664
1306	26	-0.3559045198980826	ERR187664
1306	27	-0.825113740389078	ERR187664
1306	28	-0.4672016369158172	ERR187664
1307	1	-0.3446087471663333	ERR187664
1307	2	-0.4187757692101286	ERR187664
1307	3	-0.32214550947681886	ERR187664
1307	4	-0.2039154512533301	ERR187664
1307	5	-0.23960226027642761	ERR187664
1307	6	-0.2726843849891054	ERR187664
1307	7	-0.2654258308507096	ERR187664
1307	8	-0.19768696428089783	ERR187664
1307	9	-0.3807860455039389	ERR187664
1307	10	-0.3834030448262098	ERR187664
1307	11	-0.5287132532860923	ERR187664
1307	12	-0.626441201426374	ERR187664
1307	13	-0.7863440298801692	ERR187664
1307	14	-0.6258978350754845	ERR187664
1307	15	-0.47706369863487197	ERR187664
1307	16	-0.6584967337505745	ERR187664
1307	17	-0.6171164085419534	ERR187664
1307	18	-0.4817040270880639	ERR187664
1307	19	-0.5080572527861875	ERR187664
1307	20	-0.5226192987698894	ERR187664
1307	21	-0.5525421708592759	ERR187664
1307	22	-0.6518648606528927	ERR187664
1307	23	-0.6645460496352484	ERR187664
1307	24	-0.6086642057379095	ERR187664
1307	25	-0.7323584477562335	ERR187664
1307	26	-0.739450752998053	ERR187664
1307	27	-0.5851381288834503	ERR187664
1307	28	-0.34812421668005555	ERR187664
1308	1	-0.8405852282167459	ERR187664
1308	2	-0.7715069114222644	ERR187664
1308	3	-0.6411090535882238	ERR187664
1308	4	-0.42312991099283437	ERR187664
1308	5	-0.5515901711116484	ERR187664
1308	6	-0.6880802125349064	ERR187664
1308	7	-0.5708902865988108	ERR187664
1308	8	-0.7874197796896354	ERR187664
1308	9	-0.7533945957301711	ERR187664
1308	10	-0.6088510400237581	ERR187664
1308	11	-0.6672131638786425	ERR187664
1308	12	-0.5790606082717957	ERR187664
1308	13	-0.8392376861021305	ERR187664
1308	14	-0.991253796477011	ERR187664
1308	15	-0.8139889923223862	ERR187664
1308	16	-0.7890539976270858	ERR187664
1308	17	-1.0207122086268896	ERR187664
1308	18	-1.0140255912284317	ERR187664
1308	19	-0.9348417892611423	ERR187664
1308	20	-1.1005459812751326	ERR187664
1308	21	-0.8711077646479382	ERR187664
1308	22	-0.8837016525995338	ERR187664
1308	23	-1.0008214692532178	ERR187664
1308	24	-1.0168979558211078	ERR187664
1308	25	-1.0962290251556013	ERR187664
1308	26	-0.9339906204036055	ERR187664
1308	27	-0.877057320802642	ERR187664
1308	28	-0.9620386745559202	ERR187664
2101	1	0.5640535400618134	ERR187664
2101	2	0.43773205892681233	ERR187664
2101	3	0.4404906149097343	ERR187664
2101	4	0.25161238633690175	ERR187664
2101	5	0.3185146103361163	ERR187664
2101	6	0.2997111620468189	ERR187664
2101	7	0.2687859577458269	ERR187664
2101	8	0.4285702059190797	ERR187664
2101	9	0.34470288481601585	ERR187664
2101	10	0.3530374724201977	ERR187664
2101	11	0.40830614637195595	ERR187664
2101	12	0.3759343303209022	ERR187664
2101	13	0.40688902277229744	ERR187664
2101	14	0.5286925955158139	ERR187664
2101	15	0.5636673262295986	ERR187664
2101	16	0.5944805842007526	ERR187664
2101	17	0.5773627708895646	ERR187664
2101	18	0.47949700798749006	ERR187664
2101	19	0.52332493918545	ERR187664
2101	20	0.5395451016577368	ERR187664
2101	21	0.49186029897348504	ERR187664
2101	22	0.5171595092388799	ERR187664
2101	23	0.5445380467924181	ERR187664
2101	24	0.6251262073535813	ERR187664
2101	25	0.6243815018128629	ERR187664
2101	26	0.5431554568313075	ERR187664
2101	27	0.6291010369686205	ERR187664
2101	28	0.5561244709839883	ERR187664
2102	1	0.46675833608563266	ERR187664
2102	2	0.3874489264873233	ERR187664
2102	3	0.37499241931313065	ERR187664
2102	4	0.1852793674669755	ERR187664
2102	5	0.26281328356267153	ERR187664
2102	6	0.2858502436641501	ERR187664
2102	7	0.2613384729962007	ERR187664
2102	8	0.3816761158466804	ERR187664
2102	9	0.3186338269168161	ERR187664
2102	10	0.32507023513213085	ERR187664
2102	11	0.3372043734795085	ERR187664
2102	12	0.33212792569722893	ERR187664
2102	13	0.29612261074991864	ERR187664
2102	14	0.32762377528707276	ERR187664
2102	15	0.4463688991650372	ERR187664
2102	16	0.4728864596361362	ERR187664
2102	17	-0.9354157315908367	ERR187664
2102	18	-0.4266019597012445	ERR187664
2102	19	-0.13240307781990168	ERR187664
2102	20	0.14485600476853477	ERR187664
2102	21	0.21440594244972289	ERR187664
2102	22	0.2573045136019374	ERR187664
2102	23	0.048419881035826506	ERR187664
2102	24	0.21941218697974563	ERR187664
2102	25	0.11999423125059394	ERR187664
2102	26	0.3538310806016014	ERR187664
2102	27	0.36703750794874423	ERR187664
2102	28	0.2828399056177986	ERR187664
2103	1	-1.1246673900108135	ERR187664
2103	2	-0.4781657167470783	ERR187664
2103	3	0.03631136756355602	ERR187664
2103	4	-0.0014523996351130108	ERR187664
2103	5	0.14054824505853247	ERR187664
2103	6	0.20326795498815642	ERR187664
2103	7	0.23117105891430612	ERR187664
2103	8	0.34214683318877803	ERR187664
2103	9	0.2808227084203665	ERR187664
2103	10	0.2864549503133915	ERR187664
2103	11	0.3055672050094316	ERR187664
2103	12	0.3268979987989127	ERR187664
2103	13	0.34982642810245324	ERR187664
2103	14	0.4358687773550258	ERR187664
2103	15	0.5623530019293881	ERR187664
2103	16	0.5249415256859962	ERR187664
2103	17	0.45862576632793406	ERR187664
2103	18	0.4166982214570609	ERR187664
2103	19	0.4886165053679292	ERR187664
2103	20	0.5385763825648056	ERR187664
2103	21	0.49485891041362606	ERR187664
2103	22	0.5115943398037075	ERR187664
2103	23	0.4719447221439239	ERR187664
2103	24	0.4878323466174592	ERR187664
2103	25	0.5063067696303563	ERR187664
2103	26	0.5803818311676707	ERR187664
2103	27	0.5231481234705981	ERR187664
2103	28	0.4247858185017179	ERR187664
2104	1	0.39730346224168755	ERR187664
2104	2	0.3321946517076171	ERR187664
2104	3	0.3270149607024422	ERR187664
2104	4	0.19448942435135308	ERR187664
2104	5	0.20171210448939547	ERR187664
2104	6	0.22473901800205454	ERR187664
2104	7	0.2484842746336824	ERR187664
2104	8	0.3096997586086374	ERR187664
2104	9	0.2785598426444764	ERR187664
2104	10	0.24524412562929143	ERR187664
2104	11	0.2604362317070965	ERR187664
2104	12	0.2824145988848912	ERR187664
2104	13	0.26228052727605444	ERR187664
2104	14	0.396231018607601	ERR187664
2104	15	0.5280684783164133	ERR187664
2104	16	0.42345887323915576	ERR187664
2104	17	0.44998544220140246	ERR187664
2104	18	0.3925824058332523	ERR187664
2104	19	0.41079399502756075	ERR187664
2104	20	0.34492811833329284	ERR187664
2104	21	0.33363693110660364	ERR187664
2104	22	0.4124551387598814	ERR187664
2104	23	0.3690772855538853	ERR187664
2104	24	0.3798733145602782	ERR187664
2104	25	0.3807625110972026	ERR187664
2104	26	0.46800273157604266	ERR187664
2104	27	0.46696677104753803	ERR187664
2104	28	0.37867076728028337	ERR187664
2105	1	0.2879280679496574	ERR187664
2105	2	0.2040179789570402	ERR187664
2105	3	0.19309341230393784	ERR187664
2105	4	0.10779762068872145	ERR187664
2105	5	0.16722157404366556	ERR187664
2105	6	0.148036680073389	ERR187664
2105	7	0.13303387859124172	ERR187664
2105	8	0.2525300824255581	ERR187664
2105	9	0.19027178474231476	ERR187664
2105	10	0.14821218371283607	ERR187664
2105	11	0.1678301085006879	ERR187664
2105	12	0.14930724710775678	ERR187664
2105	13	0.16557554751875614	ERR187664
2105	14	0.21811895562919403	ERR187664
2105	15	0.3465848814667325	ERR187664
2105	16	0.2424292318041097	ERR187664
2105	17	0.28268978701804315	ERR187664
2105	18	0.2535885243613123	ERR187664
2105	19	0.2397311656935912	ERR187664
2105	20	0.22410779754283539	ERR187664
2105	21	0.1844525326924682	ERR187664
2105	22	0.10675471822237625	ERR187664
2105	23	0.18694656475003057	ERR187664
2105	24	0.24066009885281403	ERR187664
2105	25	0.1913141571244239	ERR187664
2105	26	0.20435660928978194	ERR187664
2105	27	0.19552611457746139	ERR187664
2105	28	0.10587729584274541	ERR187664
2106	1	0.05686870855025461	ERR187664
2106	2	0.003913441739946677	ERR187664
2106	3	0.04753242933155377	ERR187664
2106	4	-0.011081312767018403	ERR187664
2106	5	0.08682286049652532	ERR187664
2106	6	0.1124404137226449	ERR187664
2106	7	0.13022634306233982	ERR187664
2106	8	0.20409242380284098	ERR187664
2106	9	0.151939397330203	ERR187664
2106	10	-0.32518243290994775	ERR187664
2106	11	-0.40557718243262997	ERR187664
2106	12	-0.16997984876937267	ERR187664
2106	13	-0.038558200572602175	ERR187664
2106	14	-0.4951772231592173	ERR187664
2106	15	-0.07794131538205562	ERR187664
2106	16	-0.08041299784074596	ERR187664
2106	17	0.01391821303614904	ERR187664
2106	18	0.04023175916651667	ERR187664
2106	19	0.11869526722592383	ERR187664
2106	20	0.18417173699253198	ERR187664
2106	21	0.035337611043189554	ERR187664
2106	22	0.04768007358213566	ERR187664
2106	23	0.07146176667852444	ERR187664
2106	24	0.04083563448971006	ERR187664
2106	25	0.1632279455324337	ERR187664
2106	26	0.20539513498427198	ERR187664
2106	27	-0.039939267127110156	ERR187664
2106	28	0.18228789089740616	ERR187664
2107	1	-0.08262714541417893	ERR187664
2107	2	-0.09334947297713825	ERR187664
2107	3	-0.05474095058533379	ERR187664
2107	4	-0.033703648269352016	ERR187664
2107	5	-0.04376242283173326	ERR187664
2107	6	0.018966504064358958	ERR187664
2107	7	-0.3114912707565196	ERR187664
2107	8	-0.05709596052718524	ERR187664
2107	9	-0.17133902157006986	ERR187664
2107	10	-0.16479543105965178	ERR187664
2107	11	-0.4956669395822004	ERR187664
2107	12	-0.3392155135097781	ERR187664
2107	13	-0.21626981021528024	ERR187664
2107	14	-0.6400850427069713	ERR187664
2107	15	-0.27051682788786735	ERR187664
2107	16	-0.26352461755644185	ERR187664
2107	17	-0.05399214045229428	ERR187664
2107	18	-0.08622775740686706	ERR187664
2107	19	-0.4233715870439667	ERR187664
2107	20	-0.16783570102906964	ERR187664
2107	21	-0.2447453105454258	ERR187664
2107	22	-0.23458998157324373	ERR187664
2107	23	-0.15990518892199646	ERR187664
2107	24	-0.22308415643936286	ERR187664
2107	25	-0.186568289637691	ERR187664
2107	26	-0.33464512638461485	ERR187664
2107	27	-0.21126914589394374	ERR187664
2107	28	-0.176925449461514	ERR187664
2108	1	-0.7420199840068094	ERR187664
2108	2	-0.47502451855713446	ERR187664
2108	3	-0.541880503854415	ERR187664
2108	4	-0.577268352325568	ERR187664
2108	5	-0.7924593272405929	ERR187664
2108	6	-0.4907661931898488	ERR187664
2108	7	-0.6104355261783567	ERR187664
2108	8	-1.8377708576411464	ERR187664
2108	9	-0.6550038893338979	ERR187664
2108	10	-0.3769733603006671	ERR187664
2108	11	-0.2905876168918695	ERR187664
2108	12	-0.3510055093393589	ERR187664
2108	13	-0.19381080456783906	ERR187664
2108	14	-0.39474247519731875	ERR187664
2108	15	-0.43703735744788474	ERR187664
2108	16	-0.36733736735573075	ERR187664
2108	17	-0.32333228674384884	ERR187664
2108	18	-0.34492917141142243	ERR187664
2108	19	-0.2643156621486611	ERR187664
2108	20	-0.1633430705572536	ERR187664
2108	21	-0.14889356737631232	ERR187664
2108	22	-0.05753005388000787	ERR187664
2108	23	-0.07405815958265549	ERR187664
2108	24	-0.1020841668542829	ERR187664
2108	25	-0.08822896181418827	ERR187664
2108	26	-0.07922101880419774	ERR187664
2108	27	-0.36356288275123916	ERR187664
2108	28	-0.0901626094219452	ERR187664
2201	1	0.5233762985488397	ERR187664
2201	2	0.48298000329877766	ERR187664
2201	3	0.19951573335597317	ERR187664
2201	4	0.14830057230160776	ERR187664
2201	5	0.24376361606016417	ERR187664
2201	6	0.25912911260891036	ERR187664
2201	7	0.29710787440266273	ERR187664
2201	8	0.45418115907258283	ERR187664
2201	9	0.4225864169166442	ERR187664
2201	10	0.41324580067200145	ERR187664
2201	11	0.416028339771394	ERR187664
2201	12	0.41819268978701274	ERR187664
2201	13	0.403968227984393	ERR187664
2201	14	0.529987412096375	ERR187664
2201	15	-1.5243215631939933	ERR187664
2201	16	-0.46876482611071424	ERR187664
2201	17	0.16038901529191918	ERR187664
2201	18	0.31932045309877566	ERR187664
2201	19	0.43706776942656234	ERR187664
2201	20	0.47228151273356644	ERR187664
2201	21	0.5022962128308848	ERR187664
2201	22	0.4987209834958932	ERR187664
2201	23	0.5229037850300742	ERR187664
2201	24	0.5851393266621159	ERR187664
2201	25	0.6460924648439104	ERR187664
2201	26	0.5990857836242185	ERR187664
2201	27	0.5624935665570092	ERR187664
2201	28	0.7552948249662919	ERR187664
2202	1	0.4777055785492763	ERR187664
2202	2	0.4242261994141572	ERR187664
2202	3	0.4135737720364503	ERR187664
2202	4	0.24138430541982103	ERR187664
2202	5	0.27874519579635404	ERR187664
2202	6	0.24590098727652077	ERR187664
2202	7	0.292017403073217	ERR187664
2202	8	0.3811552767716435	ERR187664
2202	9	0.36860793001665115	ERR187664
2202	10	0.33250398964305106	ERR187664
2202	11	0.29053454271063117	ERR187664
2202	12	0.32355632250891375	ERR187664
2202	13	0.2827606128940019	ERR187664
2202	14	0.3810235605690906	ERR187664
2202	15	0.4656474393766956	ERR187664
2202	16	0.49976097261872354	ERR187664
2202	17	-0.06869048261602728	ERR187664
2202	18	-0.06788319581165325	ERR187664
2202	19	0.08768327584429159	ERR187664
2202	20	0.19321841005596951	ERR187664
2202	21	0.2781579751240102	ERR187664
2202	22	0.17424561068200006	ERR187664
2202	23	0.020928911251395732	ERR187664
2202	24	0.09004559076352336	ERR187664
2202	25	0.2142155778360646	ERR187664
2202	26	0.2330570754902439	ERR187664
2202	27	-0.011699402568837058	ERR187664
2202	28	-0.2685198379590972	ERR187664
2203	1	-0.23178416487363762	ERR187664
2203	2	-0.04284287342883175	ERR187664
2203	3	0.19397247468612022	ERR187664
2203	4	0.1190918477341043	ERR187664
2203	5	0.24256594556663913	ERR187664
2203	6	0.2625055919716459	ERR187664
2203	7	0.2148332154407484	ERR187664
2203	8	0.4039787343503036	ERR187664
2203	9	0.3603697404440638	ERR187664
2203	10	0.3860772169305804	ERR187664
2203	11	0.3554781950885726	ERR187664
2203	12	0.34569985102178435	ERR187664
2203	13	0.3398441368542606	ERR187664
2203	14	0.5048226253221841	ERR187664
2203	15	0.6394541809802377	ERR187664
2203	16	0.6004939924696373	ERR187664
2203	17	0.5393422757042359	ERR187664
2203	18	0.4688288092816677	ERR187664
2203	19	0.47030392797234555	ERR187664
2203	20	0.5069581316366936	ERR187664
2203	21	0.46797179617119156	ERR187664
2203	22	0.4715244147970452	ERR187664
2203	23	0.4814513297585634	ERR187664
2203	24	0.457809732184117	ERR187664
2203	25	0.5499711747978324	ERR187664
2203	26	0.4823327219621518	ERR187664
2203	27	0.5527432758373365	ERR187664
2203	28	0.6497307928230711	ERR187664
2204	1	0.46794969530655806	ERR187664
2204	2	0.3638928690098382	ERR187664
2204	3	0.38030625787988726	ERR187664
2204	4	0.19282162803128244	ERR187664
2204	5	0.24422959439193193	ERR187664
2204	6	0.2582580879020355	ERR187664
2204	7	0.25473470991819624	ERR187664
2204	8	0.37755103036774784	ERR187664
2204	9	0.32330105490445504	ERR187664
2204	10	0.29490353171230055	ERR187664
2204	11	0.2792669607682612	ERR187664
2204	12	0.3190626008549913	ERR187664
2204	13	0.3515147224082398	ERR187664
2204	14	0.46331178328812683	ERR187664
2204	15	0.5428342030691127	ERR187664
2204	16	0.4769419368592054	ERR187664
2204	17	0.500358947041768	ERR187664
2204	18	0.3757651561048263	ERR187664
2204	19	0.4229850975682794	ERR187664
2204	20	0.41214658364391	ERR187664
2204	21	0.33033322108551744	ERR187664
2204	22	0.4325235490707797	ERR187664
2204	23	0.4208471534638747	ERR187664
2204	24	0.3801259208517038	ERR187664
2204	25	0.40842941612449835	ERR187664
2204	26	0.35438619681936956	ERR187664
2204	27	0.45089207607879445	ERR187664
2204	28	0.422332542262815	ERR187664
2205	1	0.35555773718395045	ERR187664
2205	2	0.3123241348056567	ERR187664
2205	3	0.29879937199071804	ERR187664
2205	4	0.1634056776068178	ERR187664
2205	5	0.2141903494753592	ERR187664
2205	6	0.22130213700414458	ERR187664
2205	7	0.22327613012286207	ERR187664
2205	8	0.35581627183490383	ERR187664
2205	9	0.27117365453199227	ERR187664
2205	10	0.2205954483825039	ERR187664
2205	11	0.1998459512782489	ERR187664
2205	12	0.24373072560417341	ERR187664
2205	13	0.24036829631601364	ERR187664
2205	14	0.261696647709023	ERR187664
2205	15	0.2966539737211349	ERR187664
2205	16	0.19466924386740914	ERR187664
2205	17	0.33589906422051286	ERR187664
2205	18	0.3158722432515475	ERR187664
2205	19	0.27288316973278626	ERR187664
2205	20	0.3258256959585424	ERR187664
2205	21	0.2461219374738164	ERR187664
2205	22	0.2353832687162125	ERR187664
2205	23	0.24773131742954746	ERR187664
2205	24	0.25477605435089856	ERR187664
2205	25	0.2151626544663543	ERR187664
2205	26	0.2625455082044894	ERR187664
2205	27	0.311120893176124	ERR187664
2205	28	0.22780146822916691	ERR187664
2206	1	0.2545393201149224	ERR187664
2206	2	0.21685903590065436	ERR187664
2206	3	0.21796932151137582	ERR187664
2206	4	0.14275283275119932	ERR187664
2206	5	0.16528371740431425	ERR187664
2206	6	0.1815073504144209	ERR187664
2206	7	0.15561250005661975	ERR187664
2206	8	0.2528960860183105	ERR187664
2206	9	0.20106540201344814	ERR187664
2206	10	0.1772996884747755	ERR187664
2206	11	0.10412557899596919	ERR187664
2206	12	0.20445763409036033	ERR187664
2206	13	0.1981917941534732	ERR187664
2206	14	0.13836748920076047	ERR187664
2206	15	0.334281117797282	ERR187664
2206	16	0.16251086773738166	ERR187664
2206	17	0.20336191913069968	ERR187664
2206	18	0.19730509773563654	ERR187664
2206	19	0.22137722131586912	ERR187664
2206	20	0.28349580560561805	ERR187664
2206	21	0.17347349970782489	ERR187664
2206	22	0.24698679895996634	ERR187664
2206	23	0.15485905020785395	ERR187664
2206	24	0.2146401479147002	ERR187664
2206	25	0.20991563904112098	ERR187664
2206	26	0.08877990892008825	ERR187664
2206	27	0.27227411364628296	ERR187664
2206	28	0.2067389793772776	ERR187664
2207	1	-0.022189281528639526	ERR187664
2207	2	-0.03670409216607595	ERR187664
2207	3	0.0450119637027484	ERR187664
2207	4	0.014111237629713003	ERR187664
2207	5	0.04114929633148279	ERR187664
2207	6	0.04686609880170778	ERR187664
2207	7	0.055823401807366224	ERR187664
2207	8	0.15918812706933494	ERR187664
2207	9	-0.08771441230799581	ERR187664
2207	10	-0.07054824053494713	ERR187664
2207	11	-0.12306773602455934	ERR187664
2207	12	-0.21219297727483877	ERR187664
2207	13	-0.09959989821891213	ERR187664
2207	14	-0.02419338595390741	ERR187664
2207	15	0.06156312471570402	ERR187664
2207	16	0.008372218864238334	ERR187664
2207	17	0.05364574469257377	ERR187664
2207	18	0.025212226684530492	ERR187664
2207	19	-0.19403558726005343	ERR187664
2207	20	-0.13494183000662474	ERR187664
2207	21	-0.0943739663409886	ERR187664
2207	22	-0.10522194661703566	ERR187664
2207	23	-0.1672114093352164	ERR187664
2207	24	-0.09559778366060101	ERR187664
2207	25	-0.08480139504746376	ERR187664
2207	26	-0.07166760367932312	ERR187664
2207	27	-0.033719689167135414	ERR187664
2207	28	-0.022364484839307863	ERR187664
2208	1	-0.37720697991684915	ERR187664
2208	2	-0.3098062730642397	ERR187664
2208	3	-0.2632670783807498	ERR187664
2208	4	-0.2091813611988087	ERR187664
2208	5	-0.35017720387484275	ERR187664
2208	6	-0.1601557141863239	ERR187664
2208	7	-0.176215100450257	ERR187664
2208	8	-0.06828893363604038	ERR187664
2208	9	-0.24590108122493604	ERR187664
2208	10	-0.2222419948168124	ERR187664
2208	11	-0.1958559257809256	ERR187664
2208	12	-0.13683460244160273	ERR187664
2208	13	-0.21342466063782695	ERR187664
2208	14	-0.3889246023249697	ERR187664
2208	15	-0.20559220493304764	ERR187664
2208	16	-0.24768443350616565	ERR187664
2208	17	-0.25698362982414835	ERR187664
2208	18	-0.2771586470683616	ERR187664
2208	19	-0.22363638963779664	ERR187664
2208	20	-0.35389801359289663	ERR187664
2208	21	-0.29382092124733816	ERR187664
2208	22	-0.1928183177139573	ERR187664
2208	23	-0.14239438673516958	ERR187664
2208	24	-0.21510661529558206	ERR187664
2208	25	-0.2272456327337693	ERR187664
2208	26	-0.28218421164044116	ERR187664
2208	27	-0.22902379404570894	ERR187664
2208	28	-0.24671643810692245	ERR187664
2301	1	0.15570746527252055	ERR187664
2301	2	0.22595518816233806	ERR187664
2301	3	-1.163822658323781	ERR187664
2301	4	-0.4539853324552823	ERR187664
2301	5	-0.04213894790745343	ERR187664
2301	6	-0.9743632808661147	ERR187664
2301	7	-0.31580318934127405	ERR187664
2301	8	0.15551708882881599	ERR187664
2301	9	0.30138551284687054	ERR187664
2301	10	0.34295963861194423	ERR187664
2301	11	0.3982067327376626	ERR187664
2301	12	0.3918379739754414	ERR187664
2301	13	0.42616121120997974	ERR187664
2301	14	0.5825176086701518	ERR187664
2301	15	-2.695466913170165	ERR187664
2301	16	-1.0045624220804115	ERR187664
2301	17	-0.14573450777326258	ERR187664
2301	18	0.17784331598682712	ERR187664
2301	19	0.3625995741364818	ERR187664
2301	20	0.4161472615696411	ERR187664
2301	21	0.45933910950786583	ERR187664
2301	22	0.49592626899521974	ERR187664
2301	23	0.5506672098184637	ERR187664
2301	24	0.6153293550472014	ERR187664
2301	25	0.5439440147047776	ERR187664
2301	26	0.5121988582816641	ERR187664
2301	27	0.3919999900457114	ERR187664
2301	28	-1.3736020341555104	ERR187664
2302	1	0.4888719155072394	ERR187664
2302	2	0.26077018498149585	ERR187664
2302	3	0.3336527721482341	ERR187664
2302	4	0.21235975793526762	ERR187664
2302	5	0.29796621674086765	ERR187664
2302	6	0.3029798028207509	ERR187664
2302	7	0.3066846745668883	ERR187664
2302	8	0.4209705272506099	ERR187664
2302	9	0.3741618536368776	ERR187664
2302	10	0.34848727978064886	ERR187664
2302	11	0.35598193705870074	ERR187664
2302	12	0.364356799785007	ERR187664
2302	13	0.3415271817312018	ERR187664
2302	14	0.42060030297777473	ERR187664
2302	15	0.5421032484454571	ERR187664
2302	16	0.5286347466092565	ERR187664
2302	17	0.5416971612361863	ERR187664
2302	18	0.46681315515292	ERR187664
2302	19	0.289078675798784	ERR187664
2302	20	0.3398696081295327	ERR187664
2302	21	0.3150678077271607	ERR187664
2302	22	0.25761681917406065	ERR187664
2302	23	0.1407720830759871	ERR187664
2302	24	0.2582137238851203	ERR187664
2302	25	0.28521875741804337	ERR187664
2302	26	0.31144142146253273	ERR187664
2302	27	0.44545919776651033	ERR187664
2302	28	0.5477911376506555	ERR187664
2303	1	0.4709655676685429	ERR187664
2303	2	0.3952469425590621	ERR187664
2303	3	0.38837312942209934	ERR187664
2303	4	0.23680823559711683	ERR187664
2303	5	0.2474014715160422	ERR187664
2303	6	0.2314706449053574	ERR187664
2303	7	0.2859940559917149	ERR187664
2303	8	0.3998245721743032	ERR187664
2303	9	0.32673221219037885	ERR187664
2303	10	0.3196656522565675	ERR187664
2303	11	0.31326028308885157	ERR187664
2303	12	0.3445203370351635	ERR187664
2303	13	0.32968843270158743	ERR187664
2303	14	0.416258077608596	ERR187664
2303	15	0.545966677353249	ERR187664
2303	16	0.4737704304884218	ERR187664
2303	17	0.5629454870481112	ERR187664
2303	18	0.48985717836499276	ERR187664
2303	19	0.4082569889388239	ERR187664
2303	20	0.3708601682306423	ERR187664
2303	21	0.38238582647057484	ERR187664
2303	22	0.47869486569869224	ERR187664
2303	23	0.4619541356330856	ERR187664
2303	24	0.44525226561083286	ERR187664
2303	25	0.4706118678118756	ERR187664
2303	26	0.36111491878178725	ERR187664
2303	27	0.42512910037112306	ERR187664
2303	28	0.5762530335614358	ERR187664
2304	1	0.41669094494631764	ERR187664
2304	2	0.3517874835291579	ERR187664
2304	3	0.3268837398213762	ERR187664
2304	4	0.17779694574024063	ERR187664
2304	5	0.2055946970721223	ERR187664
2304	6	0.21931212863943728	ERR187664
2304	7	0.2396706103337536	ERR187664
2304	8	0.3759891201164578	ERR187664
2304	9	0.31883249112560463	ERR187664
2304	10	0.3310246469242202	ERR187664
2304	11	0.2915477717976671	ERR187664
2304	12	0.3318534196005203	ERR187664
2304	13	0.2797326702918852	ERR187664
2304	14	0.38738682489010756	ERR187664
2304	15	0.5406982319999187	ERR187664
2304	16	0.442955770098024	ERR187664
2304	17	0.5115051164059778	ERR187664
2304	18	0.45106644748681646	ERR187664
2304	19	0.4454254609984929	ERR187664
2304	20	0.4214873977753655	ERR187664
2304	21	0.41812487431126755	ERR187664
2304	22	0.3928818597770345	ERR187664
2304	23	0.39355793002108186	ERR187664
2304	24	0.35312352821203774	ERR187664
2304	25	0.332719028037495	ERR187664
2304	26	0.44655995591739384	ERR187664
2304	27	0.4954565503027766	ERR187664
2304	28	0.48578369456834025	ERR187664
2305	1	0.31115398572489994	ERR187664
2305	2	0.2190067248330223	ERR187664
2305	3	0.26244530323823057	ERR187664
2305	4	0.12908794855884054	ERR187664
2305	5	0.2063755445686155	ERR187664
2305	6	0.19469334070469557	ERR187664
2305	7	0.17949770413373045	ERR187664
2305	8	0.33548989156953013	ERR187664
2305	9	0.2250718124093396	ERR187664
2305	10	0.22441272964607606	ERR187664
2305	11	0.21157188596676946	ERR187664
2305	12	0.19095526629591575	ERR187664
2305	13	0.20308667587818263	ERR187664
2305	14	0.30237719086397874	ERR187664
2305	15	0.39274709710161915	ERR187664
2305	16	0.2958018755663048	ERR187664
2305	17	0.32057980860310664	ERR187664
2305	18	0.28954526661640756	ERR187664
2305	19	0.2945801032935904	ERR187664
2305	20	0.3150168398778561	ERR187664
2305	21	0.22639863212936007	ERR187664
2305	22	0.282370953786085	ERR187664
2305	23	0.24901825063560779	ERR187664
2305	24	0.30535866970818404	ERR187664
2305	25	0.3215051728824534	ERR187664
2305	26	0.3750053828947486	ERR187664
2305	27	0.2563887874194819	ERR187664
2305	28	0.4895062539297257	ERR187664
2306	1	0.16076800796585644	ERR187664
2306	2	0.11051144934559431	ERR187664
2306	3	0.10981048533589899	ERR187664
2306	4	0.03960369941982833	ERR187664
2306	5	0.058962820946412364	ERR187664
2306	6	0.11558371901658404	ERR187664
2306	7	0.09045071476737832	ERR187664
2306	8	0.25593613067595555	ERR187664
2306	9	0.13203653397596327	ERR187664
2306	10	0.12916933687959187	ERR187664
2306	11	0.08585456065092956	ERR187664
2306	12	0.11504153533359585	ERR187664
2306	13	0.10418428884135977	ERR187664
2306	14	0.12441008744764304	ERR187664
2306	15	0.16854667375839227	ERR187664
2306	16	0.057953121937558194	ERR187664
2306	17	0.10291782714696751	ERR187664
2306	18	0.040282910362641644	ERR187664
2306	19	-0.03341711757550314	ERR187664
2306	20	0.04797739196832396	ERR187664
2306	21	-0.02464678333960535	ERR187664
2306	22	0.054275588448795986	ERR187664
2306	23	0.18745788884413628	ERR187664
2306	24	0.16576447030725205	ERR187664
2306	25	0.15280115118670778	ERR187664
2306	26	0.23117094293635176	ERR187664
2306	27	0.24625410672565096	ERR187664
2306	28	-0.02310939998375261	ERR187664
2307	1	-0.15512513047291776	ERR187664
2307	2	-0.14160485294311798	ERR187664
2307	3	-0.25019553078088563	ERR187664
2307	4	-0.18790360427097852	ERR187664
2307	5	-0.07537646281561194	ERR187664
2307	6	-0.07882874165439802	ERR187664
2307	7	-0.09649446197642675	ERR187664
2307	8	0.07557081170285329	ERR187664
2307	9	-0.058481370142644096	ERR187664
2307	10	-0.4368515002014064	ERR187664
2307	11	-0.3400036629328298	ERR187664
2307	12	-0.1682513822065843	ERR187664
2307	13	-0.08440146756177569	ERR187664
2307	14	-0.06286912584553761	ERR187664
2307	15	0.04434033536193027	ERR187664
2307	16	-0.15360765905179363	ERR187664
2307	17	-0.03759455665806399	ERR187664
2307	18	-0.062331354876867806	ERR187664
2307	19	-0.07109605066147395	ERR187664
2307	20	-0.10053538966798214	ERR187664
2307	21	-0.22069592773701174	ERR187664
2307	22	-0.2045039205365029	ERR187664
2307	23	-0.2671090250277999	ERR187664
2307	24	-0.20370781654573022	ERR187664
2307	25	-0.2429300652877373	ERR187664
2307	26	-0.5208936061108673	ERR187664
2307	27	-0.19683681858319346	ERR187664
2307	28	-0.027099213226534857	ERR187664
2308	1	-0.5507786278602964	ERR187664
2308	2	-0.4347807837658024	ERR187664
2308	3	-0.6247895938155921	ERR187664
2308	4	-0.40195590424607275	ERR187664
2308	5	-0.4391716479285037	ERR187664
2308	6	-0.2529667902930939	ERR187664
2308	7	-0.2746266991428996	ERR187664
2308	8	-0.19888347428476294	ERR187664
2308	9	-0.43023431817460533	ERR187664
2308	10	-0.3317224114440833	ERR187664
2308	11	-0.29560485979492057	ERR187664
2308	12	-0.2717846059394802	ERR187664
2308	13	-0.32816231113280026	ERR187664
2308	14	-0.3655427355416023	ERR187664
2308	15	-0.26736263682795425	ERR187664
2308	16	-0.3573960556076372	ERR187664
2308	17	-0.36772122621741943	ERR187664
2308	18	-0.29474907492584634	ERR187664
2308	19	-0.307768668474516	ERR187664
2308	20	-0.3311712425309281	ERR187664
2308	21	-0.27050897072754765	ERR187664
2308	22	-0.2810989791274565	ERR187664
2308	23	-0.277676759623958	ERR187664
2308	24	-0.2758907897283862	ERR187664
2308	25	-0.3204389753183605	ERR187664
2308	26	-0.4235342181568811	ERR187664
2308	27	-0.4116056341245411	ERR187664
2308	28	-0.27126592478537503	ERR187664
