Base	G	A	T	C	sample
1	14.186158071904428	15.817498107795489	47.58041129391279	22.415932526387294	ERR187665
2	22.903536547265794	32.48690338560994	20.05271601504364	24.556844052080628	ERR187665
3	15.495630291995521	37.23294676327302	22.421342954515715	24.850079990215747	ERR187665
4	30.621451483718747	16.640691889162007	23.237200352993938	29.50065627412531	ERR187665
5	32.509436894289514	22.865461254673225	23.180251875251287	21.44484997578597	ERR187665
6	32.549853334832534	19.522593537264	24.27615923346162	23.651393894441846	ERR187665
7	27.19665691529059	32.27952059789152	10.797232529222894	29.726589957594996	ERR187665
8	17.25449447695999	33.943369688935704	30.095357016749613	18.70677881735469	ERR187665
9	19.943701091062596	19.19886823543491	36.06271587988251	24.79471479361998	ERR187665
10	27.887127328773925	25.439058502338558	25.50139366430148	21.17242050458604	ERR187665
11	28.129876099002438	33.903473212647725	19.668305266071854	18.298345422277983	ERR187665
12	24.312948814809992	18.550086105374042	29.266539366167134	27.87042571364884	ERR187665
13	14.803121492414245	28.214682823835442	29.012119191668127	27.970076492082185	ERR187665
14	22.220611239660943	26.39933561764085	22.002290225412622	29.377762917285583	ERR187665
15	30.506683604997598	31.288914270083527	11.725881782811934	26.478520342106943	ERR187665
16	20.056075344010534	36.36880256652536	20.857226834892696	22.71789525457141	ERR187665
17	33.53551164477374	18.59119903788176	24.44378361282237	23.42950570452213	ERR187665
18	28.44198614631691	18.18487780188597	26.5616162538081	26.81151979798902	ERR187665
19	26.857252049759374	24.24653405666064	30.36805289644482	18.52816099713517	ERR187665
20	40.51992514669635	13.66341513338033	35.34150438064113	10.475155339282185	ERR187665
21	36.98595172867415	17.663092934595195	24.202336136761307	21.14861919996935	ERR187665
22	21.074796443665065	15.30700899487928	54.52667715288575	9.091517408569905	ERR187665
23	26.8432022752699	19.813757150837212	22.9852395269345	30.35780104695839	ERR187665
24	20.920985733716314	28.760662775993705	30.893565614910283	19.424785875379687	ERR187665
25	16.409907652256774	23.10786128656826	26.77353286791016	33.70869819326481	ERR187665
26	30.248373889380026	14.603819199217687	21.296925082848915	33.85088182855336	ERR187665
27	14.242955565000393	20.67131477023064	36.937700934106275	28.148028730662695	ERR187665
28	22.0723854292599	14.046111209918344	30.0269931357739	33.854510225047854	ERR187665
29	30.499142425961683	17.975618409801033	17.129980101666263	34.39525906257102	ERR187665
30	36.0670000337872	16.98792670428309	10.86483990494532	36.08023335698438	ERR187665
31	12.13615332540595	11.47887856900711	27.2410321909124	49.14393591467454	ERR187665
32	24.79492845686159	13.732219892115813	20.756668788028943	40.716182862993655	ERR187665
33	14.035244484809423	28.965810212990363	42.53874549556148	14.460199806638737	ERR187665
34	15.555784915796123	44.422491392847405	12.705164783045692	27.316558908310785	ERR187665
35	15.298145605589253	24.086271919915188	38.862684440118876	21.752898034376685	ERR187665
36	17.987635839432247	15.99532416648185	37.76613439787093	28.250905596214977	ERR187665
37	19.61830086170869	19.177827751132693	31.861330573742762	29.34254081341586	ERR187665
38	17.923531620260018	35.49344718897067	19.888938366031905	26.694082824737407	ERR187665
39	20.809362990567138	41.55351112146268	12.76464422964947	24.872481658320716	ERR187665
40	44.7675923848318	22.305262612838085	13.248873776688471	19.678271225641645	ERR187665
41	20.419967307934115	14.497673833773419	15.651955237017479	49.43040362127499	ERR187665
42	11.01949549297743	32.422611976801065	30.081755293131156	26.476137237090352	ERR187665
